{
  "images" : [
    {
      "resizing" : {
        "mode" : "3-part-horizontal",
        "center" : {
          "mode" : "tile",
          "width" : 9
        },
        "cap-insets" : {
          "right" : 15,
          "left" : 22
        }
      },
      "idiom" : "universal",
      "filename" : "bubble-flat-incoming-selected.png",
      "scale" : "1x"
    },
    {
      "resizing" : {
        "mode" : "3-part-horizontal",
        "center" : {
          "mode" : "tile",
          "width" : 15
        },
        "cap-insets" : {
          "right" : 34,
          "left" : 43
        }
      },
      "idiom" : "universal",
      "filename" : "bubble-flat-incoming-selected@2x.png",
      "scale" : "2x"
    },
    {
      "idiom" : "universal",
      "scale" : "3x"
    }
  ],
  "info" : {
    "version" : 1,
    "author" : "xcode"
  }
}