{
  "images" : [
    {
      "resizing" : {
        "mode" : "9-part",
        "center" : {
          "mode" : "tile",
          "width" : 8,
          "height" : 1
        },
        "cap-insets" : {
          "bottom" : 14,
          "top" : 13,
          "right" : 16,
          "left" : 22
        }
      },
      "idiom" : "universal",
      "filename" : "bubble-flat-incoming.png",
      "scale" : "1x"
    },
    {
      "resizing" : {
        "mode" : "9-part",
        "center" : {
          "mode" : "tile",
          "width" : 25,
          "height" : 1
        },
        "cap-insets" : {
          "bottom" : 32,
          "top" : 27,
          "right" : 27,
          "left" : 40
        }
      },
      "idiom" : "universal",
      "filename" : "bubble-flat-incoming@2x.png",
      "scale" : "2x"
    },
    {
      "idiom" : "universal",
      "scale" : "3x"
    }
  ],
  "info" : {
    "version" : 1,
    "author" : "xcode"
  }
}